{
  "f_loss_total": [
    716.4095950927734,
    179.8935281677246,
    167.64013702392577,
    161.44105474853515,
    157.19071046447755,
    155.00316261291505,
    152.9277364807129,
    151.53395755004883,
    151.0188480529785,
    150.2709033050537,
    127.72753796386719,
    122.04500006103515,
    120.67605603027344,
    120.89881732177734,
    118.58632183837891,
    119.09189680480956,
    118.54165469360352,
    118.3707313079834,
    118.19869343566894,
    118.35024095153808,
    106.5098962097168,
    104.83243040466309,
    103.6374058227539,
    103.75467784118652,
    102.91674723815918,
    103.47510824584961,
    103.34988220214844,
    102.90949168395996,
    102.76373193359375,
    103.11952549743653,
    92.6381697845459,
    91.06031816101074,
    91.03631910705566,
    91.17214930725098,
    90.94027839660644,
    90.4674860534668,
    90.89549430847168,
    90.56727743530273,
    91.2104899597168,
    90.8851939239502,
    74.29347477722168,
    73.94536905670167,
    74.22415733337402,
    73.4575373916626,
    73.55981548309326,
    73.61045532226562,
    73.94593529510497,
    73.70545571136475,
    73.07073201751709,
    73.54046796417236
  ],
  "f_loss_vae": [
    3.618615697145462,
    1.0995508897304536,
    1.094169465303421,
    1.0915019431114197,
    1.0900238626003265,
    1.0893943748474122,
    1.0890453608036041,
    1.0890070288181304,
    1.0887728843688964,
    1.0880655119419098,
    1.0878393650054932,
    1.0872598495483399,
    1.0871930365562439,
    1.0871476202011108,
    1.0859623730182648,
    1.0865873568058013,
    1.0865073595046997,
    1.0871086812019348,
    1.0860793843269347,
    1.086527275800705,
    1.0864643383026122,
    1.0860088355541229,
    1.0855584635734559,
    1.086111519575119,
    1.085076521396637,
    1.0856259288787842,
    1.0849670722484588,
    1.085397311925888,
    1.084922230243683,
    1.0847795524597168,
    1.0861653718948365,
    1.0852890815734864,
    1.0856991775035858,
    1.0850879755020142,
    1.0851238436698913,
    1.0844318795204162,
    1.084175117969513,
    1.084263700246811,
    1.084384089231491,
    1.0847880511283874,
    1.0855509731769561,
    1.0852129938602448,
    1.0844894669055938,
    1.084019258737564,
    1.084282697916031,
    1.0844136111736298,
    1.0839187676906585,
    1.0835623898506164,
    1.0846399397850037,
    1.0836671693325042
  ],
  "f_loss_dsb": [
    699.464029876709,
    178.7679800720215,
    166.53471295166017,
    160.34290313720703,
    156.09624760437012,
    153.91042147827147,
    151.83599966430663,
    150.44273095703124,
    149.9282014160156,
    149.1809743347168,
    126.63798287963867,
    120.95692143249512,
    119.58807145690918,
    119.81091468811036,
    117.49951939392089,
    118.00458546447754,
    117.45440962219239,
    117.2828694152832,
    117.1118670501709,
    117.26296757507325,
    105.42286206054688,
    103.74587823486328,
    102.55126023864746,
    102.66797872924805,
    101.8310659942627,
    102.38905014038086,
    102.26431367492675,
    101.82351509094238,
    101.67824951171875,
    102.03419972229004,
    91.55142933654786,
    89.97458303833008,
    89.95015512084962,
    90.08683689880371,
    89.85491815185547,
    89.38262196350098,
    89.81089865112304,
    89.48246528625488,
    90.12562702941895,
    89.80007461547852,
    73.20628005218506,
    72.85991036224365,
    73.1393910369873,
    72.37307586669922,
    72.47530339050293,
    72.52563059997559,
    72.86149559020996,
    72.62145321655274,
    71.98584814453125,
    72.4566594619751
  ],
  "f_loss_vel_consistency": [
    577.682889328003,
    51.32139696502686,
    38.664401527404785,
    32.63648831176758,
    28.77356548690796,
    26.329212871551512,
    24.723633846282958,
    23.23495051574707,
    22.09109917831421,
    21.140257816314698,
    17.24612068748474,
    10.99671396636963,
    9.36776863861084,
    8.438159906387328,
    7.788985054016114,
    7.332743727684021,
    7.000964338302612,
    6.678093014717102,
    6.476115228652954,
    6.273364743232727,
    7.0780655326843265,
    4.862663135528565,
    4.2767258634567265,
    3.9360355644226073,
    3.7055112886428834,
    3.539061763763428,
    3.40107084941864,
    3.290997720241547,
    3.2032815704345703,
    3.122565372467041,
    3.3079013199806213,
    2.4043240747451784,
    2.173910385847092,
    2.036654821395874,
    1.9396574592590332,
    1.8716616485118867,
    1.8157507238388062,
    1.7627799792289733,
    1.7210006008148193,
    1.6963290610313415,
    1.7096426026821137,
    1.3250716329813004,
    1.2246625559329987,
    1.1603475093841553,
    1.1222105543613434,
    1.1009254629611969,
    1.0675218741893768,
    1.0519387146234513,
    1.032684984087944,
    1.0155348922014236
  ],
  "f_loss_bio": [
    26.65390160547942,
    0.051994858995079996,
    0.022507864691317082,
    0.013299343241378665,
    0.008877761824056507,
    0.0066942112129181625,
    0.005382899273652583,
    0.004439640042837709,
    0.0037471540700644256,
    0.0037266858576331286,
    0.003431966582138557,
    0.0016378551425877959,
    0.0015834665065631271,
    0.00151013168762438,
    0.0016802093005971984,
    0.0014482035770779476,
    0.0014751008576713502,
    0.0015067331673344598,
    0.0014942861126037315,
    0.0014923184417420998,
    0.001139506711740978,
    0.0010868459581397474,
    0.0011738917651819066,
    0.0011751464024418964,
    0.0012097112563205883,
    0.0008642288331393501,
    0.0012024669226957485,
    0.0011582749712979422,
    0.0011204129038378597,
    0.0010929031385458075,
    0.00115055463463068,
    0.0008924729248392395,
    0.0009294794059096602,
    0.00044848935599657125,
    0.00047199693627408124,
    0.0008643817259726348,
    0.0008415674795614904,
    0.0010964111777720972,
    0.0009575609018793329,
    0.0006629504022821493,
    0.00328751306963386,
    0.0004914612867905816,
    0.0005543050155902165,
    0.0008843058309503249,
    0.0004591271264289389,
    0.0008221890698405332,
    0.001041997381602414,
    0.0008803205995354802,
    0.0004877586046641227,
    0.0002824382877606695
  ],
  "b_loss_total": [
    3.7932917349338533,
    3.1735339903831483,
    3.0321904704570772,
    2.9879228761196135,
    2.915638657093048,
    2.887911639213562,
    2.9110861999988558,
    2.8468752551078795,
    2.81811444735527,
    2.808380281686783,
    2.5117583577632905,
    2.3744992990493774,
    2.375107959270477,
    2.359699888944626,
    2.372716470003128,
    2.3080549862384796,
    2.2904485402107237,
    2.3162510306835173,
    2.3289348754882813,
    2.3110162534713745,
    2.2118347220420835,
    2.126382872104645,
    2.0740098922252654,
    2.092796335697174,
    2.087256421327591,
    2.090789216518402,
    2.0908198804855345,
    2.0837814493179323,
    2.0720036737918854,
    2.0619663174152376,
    2.0429571573734284,
    1.9487234089374543,
    1.923558611869812,
    1.9289042477607727,
    1.9249287266731263,
    1.9093932538032532,
    1.896563128232956,
    1.9115511362552642,
    1.923149435043335,
    1.913913563489914,
    1.9412218911647796,
    1.832034158706665,
    1.830694394350052,
    1.7943562188148499,
    1.807038842201233,
    1.840088234424591,
    1.8198161911964417,
    1.7960847120285035,
    1.8217700047492982,
    1.8166625831127168
  ],