{
  "f_loss_total": [
    716.4130239562988,
    179.89844091796874,
    167.6449853515625,
    161.44601135253907,
    157.19568670654297,
    155.00819944763182,
    152.93276780700683,
    151.53899449157714,
    151.0238882446289,
    150.27621896362305,
    127.73508187866211,
    122.05019160461426,
    120.6811544494629,
    120.9039439239502,
    118.59124964904785,
    119.09706289672852,
    118.54674604797363,
    118.37581291198731,
    118.20379116821289,
    118.35537350463868,
    106.51678912353516,
    104.8375073852539,
    103.64246824645996,
    103.7597332611084,
    102.92184375,
    103.48028700256347,
    103.35498291015625,
    102.9146720275879,
    102.76890995788574,
    103.1248204650879,
    92.64511643981933,
    91.06533512878418,
    91.0413155670166,
    91.17727459716797,
    90.94565037536621,
    90.4728454284668,
    90.9008843536377,
    90.57243035888672,
    91.21552937316895,
    90.89034831237792,
    74.3004983139038,
    73.9507767944336,
    74.22950304412842,
    73.46256883239747,
    73.56507437896728,
    73.61556106567383,
    73.95091935729981,
    73.71050184631348,
    73.07600372314454,
    73.54611572265625
  ],
  "f_loss_vae": [
    3.6222848145961763,
    1.1041633622646332,
    1.0990065050125122,
    1.0964368002414704,
    1.0949883351325989,
    1.0944101648330689,
    1.094056143283844,
    1.0940197927951814,
    1.0938187806606292,
    1.0931575174331665,
    1.095116064786911,
    1.0924124369621278,
    1.0922583072185517,
    1.0922112901210785,
    1.091069589138031,
    1.091605840921402,
    1.091530151128769,
    1.0921488497257232,
    1.0911399850845336,
    1.091631659269333,
    1.0926002237796784,
    1.0910099806785583,
    1.0905967636108398,
    1.091151150226593,
    1.0901630406379699,
    1.0907547948360443,
    1.0900727252960205,
    1.0905639491081238,
    1.0900858221054077,
    1.0900260660648347,
    1.092307461977005,
    1.090252449989319,
    1.0906766867637634,
    1.0902103059291839,
    1.0902804067134857,
    1.0896521975994111,
    1.0894647557735444,
    1.0895992422103882,
    1.089693597793579,
    1.0900282206535339,
    1.0915925521850587,
    1.0903795392513276,
    1.0897563924789428,
    1.0892611682415008,
    1.0895093748569489,
    1.0896871995925903,
    1.0891868796348572,
    1.088809413433075,
    1.0898574945926667,
    1.0888742043972015
  ],
  "f_loss_dsb": [
    699.464029876709,
    178.7679800720215,
    166.53471295166017,
    160.34290313720703,
    156.09624760437012,
    153.91042147827147,
    151.83599966430663,
    150.44273095703124,
    149.9282014160156,
    149.1809743347168,
    126.63798287963867,
    120.95692143249512,
    119.58807145690918,
    119.81091468811036,
    117.49951939392089,
    118.00458546447754,
    117.45440962219239,
    117.2828694152832,
    117.1118670501709,
    117.26296757507325,
    105.42286206054688,
    103.74587823486328,
    102.55126023864746,
    102.66797872924805,
    101.8310659942627,
    102.38905014038086,
    102.26431367492675,
    101.82351509094238,
    101.67824951171875,
    102.03419972229004,
    91.55142933654786,
    89.97458303833008,
    89.95015512084962,
    90.08683689880371,
    89.85491815185547,
    89.38262196350098,
    89.81089865112304,
    89.48246528625488,
    90.12562702941895,
    89.80007461547852,
    73.20628005218506,
    72.85991036224365,
    73.1393910369873,
    72.37307586669922,
    72.47530339050293,
    72.52563059997559,
    72.86149559020996,
    72.62145321655274,
    71.98584814453125,
    72.4566594619751
  ],
  "f_loss_vel_consistency": [
    577.682889328003,
    51.32139696502686,
    38.664401527404785,
    32.63648831176758,
    28.77356548690796,
    26.329212871551512,
    24.723633846282958,
    23.23495051574707,
    22.09109917831421,
    21.140257816314698,
    17.24612068748474,
    10.99671396636963,
    9.36776863861084,
    8.438159906387328,
    7.788985054016114,
    7.332743727684021,
    7.000964338302612,
    6.678093014717102,
    6.476115228652954,
    6.273364743232727,
    7.0780655326843265,
    4.862663135528565,
    4.2767258634567265,
    3.9360355644226073,
    3.7055112886428834,
    3.539061763763428,
    3.40107084941864,
    3.290997720241547,
    3.2032815704345703,
    3.122565372467041,
    3.3079013199806213,
    2.4043240747451784,
    2.173910385847092,
    2.036654821395874,
    1.9396574592590332,
    1.8716616485118867,
    1.8157507238388062,
    1.7627799792289733,
    1.7210006008148193,
    1.6963290610313415,
    1.7096426026821137,
    1.3250716329813004,
    1.2246625559329987,
    1.1603475093841553,
    1.1222105543613434,
    1.1009254629611969,
    1.0675218741893768,
    1.0519387146234513,
    1.032684984087944,
    1.0155348922014236
  ],
  "f_loss_bio": [
    26.653421559877692,
    0.05259613887034357,
    0.0225319657176733,
    0.013342642322182656,
    0.008901509096845985,
    0.006736030075233429,
    0.005423214679118246,
    0.004487711519934237,
    0.0037355185295455157,
    0.004173614172497764,
    0.003966248251032084,
    0.001715618823072873,
    0.0016491092273499817,
    0.0016359725091606378,
    0.001321620540576987,
    0.0017431896721245722,
    0.001612132519367151,
    0.0015888599115423858,
    0.0015684023711364716,
    0.001548676880192943,
    0.002653805560898036,
    0.001238397924695164,
    0.001222798655857332,
    0.001206519879749976,
    0.0012298443274921737,
    0.0009638343035985599,
    0.0011931012307759374,
    0.0011857068460085429,
    0.001149082416552119,
    0.0011892394016031177,
    0.002759426384232938,
    0.000998617742676288,
    0.0009678418695839354,
    0.0004548546624137089,
    0.0009034749553684378,
    0.0011422999580972828,
    0.0010417552268481814,
    0.0007317337449530896,
    0.0004175819633092033,
    0.0004906552950342302,
    0.005251522753271274,
    0.0009737094836891628,
    0.0007108213361607341,
    0.0004634791168900847,
    0.0005229805908602429,
    0.00048627510959340725,
    0.000473641195523669,
    0.00047869419151174954,
    0.0005965016266563908,
    0.0011642222697264516
  ],
  "b_loss_total": [
    3.799625089168549,
    3.177551031112671,
    3.035992570877075,
    2.9916378264427186,
    2.9192971227169036,
    2.8914422864913942,
    2.9146211228370666,
    2.8505569443702696,
    2.821598944425583,
    2.8118526055812834,
    2.516244444847107,
    2.3781582815647124,
    2.3787209482192995,
    2.3633955516815184,
    2.376143130302429,
    2.3115222568511964,
    2.2939734082221985,
    2.319804986953735,
    2.3325108020305634,
    2.314455424785614,
    2.204949175596237,
    2.1300042312145235,
    2.077545555114746,
    2.096230595588684,
    2.0908503715991973,
    2.094245219707489,
    2.0942839612960817,
    2.0872082409858703,
    2.0754625642299653,
    2.0654147555828093,
    2.0363894720077513,
    1.952430525779724,
    1.927295264482498,
    1.9322683367729188,
    1.9284789042472839,
    1.912948776960373,
    1.9000965464115143,
    1.9150314424037933,
    1.9266359055042266,
    1.91741517162323,
    1.941672339439392,
    1.8354735221862792,
    1.8337645156383515,
    1.797965042114258,
    1.8105140097141266,
    1.8432710440158844,
    1.8232767810821533,
    1.7995161793231964,
    1.825199348449707,
    1.819862164258957
  ],