{
  "f_loss_total": [
    209.60954360961915,
    63.45834819030762,
    52.19500392913818,
    46.92205320739746,
    43.8956009979248,
    41.81395945739746,
    40.4799214553833,
    39.3333671875,
    38.37361890411377,
    37.66209680938721,
    37.13841005706787,
    30.464739116668703,
    28.74979664993286,
    27.663055828094482,
    27.176203346252443,
    26.63421920776367,
    26.369428001403808,
    26.15207478713989,
    25.78112381744385,
    25.554300464630128,
    25.660472496032714,
    23.17919202041626,
    22.413525890350343,
    22.080043350219725,
    21.831122268676758,
    21.601357265472412,
    21.432147552490235,
    21.3551395072937,
    21.2746358833313,
    21.2331912651062,
    19.99373296356201,
    18.652102333068846,
    18.25482835960388,
    18.065920362472536,
    17.99133680343628,
    17.953819421768188,
    17.83519740486145,
    17.757777481079103,
    17.754915405273437,
    17.59087593460083,
    16.024032581329347,
    15.503676652908325,
    15.304527597427368,
    15.264163125991821,
    15.230147397994996,
    15.141892168045043,
    15.163830310821533,
    15.135622428894044,
    15.12219044303894,
    15.13319206047058
  ],
  "f_loss_vae": [
    3.743194768190384,
    1.0974847857952117,
    1.0932495148181915,
    1.0914119398593902,
    1.0898713088035583,
    1.090060505628586,
    1.0892815849781037,
    1.0894459578990936,
    1.0890625348091125,
    1.0884962072372437,
    1.0872548389434815,
    1.087315623998642,
    1.0869958815574645,
    1.0874428250789643,
    1.087628364086151,
    1.0870545072555542,
    1.0873212237358094,
    1.0874952030181886,
    1.0867277553081514,
    1.086820238351822,
    1.0867789180278777,
    1.0863290631771088,
    1.0860698144435883,
    1.0857844657897948,
    1.086467425107956,
    1.085946615934372,
    1.0857944781780242,
    1.0852267360687256,
    1.0855964047908784,
    1.0860122771263123,
    1.0865315763950347,
    1.0861559722423553,
    1.0857042002677917,
    1.0852179095745087,
    1.0845631453990936,
    1.0856804349422455,
    1.0855343701839446,
    1.0848049426078796,
    1.0840878140926362,
    1.0844568157196044,
    1.08505575299263,
    1.0851922681331634,
    1.0853769071102142,
    1.0845520486831666,
    1.0850955843925476,
    1.085219405889511,
    1.084804257631302,
    1.0836842348575593,
    1.0839865384101868,
    1.0844737939834594
  ],
  "f_loss_dsb": [
    188.5279526824951,
    62.324184883117674,
    51.08658744812012,
    45.82182305145264,
    42.79999719238281,
    40.71980182647705,
    39.38750533294678,
    38.24137843322754,
    37.28243742370606,
    36.57174298095703,
    36.0500719833374,
    29.376459377288818,
    27.661897117614746,
    26.57457278060913,
    26.087637931823732,
    25.546226989746092,
    25.281175590515137,
    25.063637294769286,
    24.693383758544922,
    24.466547466278076,
    24.572652557373047,
    22.092098613739015,
    21.326669883728027,
    20.993465900421143,
    20.743751205444337,
    20.51460227584839,
    20.345562690734862,
    20.26912456893921,
    20.18813705444336,
    20.146423252105713,
    18.906412496566773,
    17.565110282897948,
    17.16848769569397,
    16.98004881858826,
    16.90609648323059,
    16.867461658477783,
    16.74899297904968,
    16.672384046554566,
    16.67017207336426,
    16.50581616783142,
    14.937134906768799,
    14.417919122695922,
    14.21861116027832,
    14.179049034118652,
    14.144485614776611,
    14.05608318901062,
    14.078449983596801,
    14.051449716567992,
    14.037622411727906,
    14.048209075927735
  ],
  "f_loss_vel_consistency": [
    168.37687020111085,
    41.31032916641235,
    29.878614059448243,
    24.673462856292726,
    21.569099956512453,
    19.53913180541992,
    18.030241498947145,
    16.892101457595825,
    15.924541376113892,
    15.165245534896851,
    16.546776332855224,
    9.769594192504883,
    8.046266785621643,
    7.06101455783844,
    6.433282974243164,
    5.952810416221618,
    5.603407593727112,
    5.326350341796875,
    5.090828946113587,
    4.890614317893982,
    7.0305483503341675,
    4.394902347564697,
    3.723717789173126,
    3.3251620392799377,
    3.0431079535484313,
    2.8596734476089476,
    2.717408522605896,
    2.592392273902893,
    2.4890519320964812,
    2.4026475722789766,
    3.512762492656708,
    2.128969528198242,
    1.8004982721805574,
    1.616966861486435,
    1.4931558058261871,
    1.3982175025939942,
    1.3339851877689362,
    1.277060350894928,
    1.2377694659233094,
    1.197905568242073,
    1.4737372124195098,
    0.9085366427898407,
    0.7729036358594894,
    0.7010133820772171,
    0.6538061038255691,
    0.6196669691205025,
    0.593349749803543,
    0.5701928607821465,
    0.5512106178998947,
    0.5356542338728905
  ],
  "f_loss_bio": [
    34.6767935629636,
    0.07335691727697849,
    0.03033381326124072,
    0.017636484464630484,
    0.011465081169269978,
    0.008194485059008003,
    0.006269271599594503,
    0.005085414201486856,
    0.00423777564894408,
    0.0037150499471463264,
    0.002166513046482578,
    0.001928299483610317,
    0.0018073260563542136,
    0.0020804371381527745,
    0.001874175873817876,
    0.0018754342983011156,
    0.0018623839332722128,
    0.0018845433101523667,
    0.0020246979616349563,
    0.0018656865952070803,
    0.0020821103784255685,
    0.0015288052009418606,
    0.0015724438860779627,
    0.0015859561744146048,
    0.0018072955749812536,
    0.001616760028526187,
    0.0015807904954999686,
    0.0015762891833437606,
    0.001804737353231758,
    0.0015113875936949627,
    0.0015776947521371767,
    0.0016722186778206378,
    0.0012729130006046035,
    0.0013072931071510538,
    0.0013543803369393571,
    0.0013546409067930654,
    0.0013401424819603563,
    0.0011769584990397562,
    0.0013110734117217362,
    0.00120588364219293,
    0.0036838112408295273,
    0.0011305374330258927,
    0.0010790405389852823,
    0.001124043226474896,
    0.0011324292082572356,
    0.0011791153397061863,
    0.0011521138676907868,
    0.000976918200023647,
    0.0011629623477201676,
    0.001018384195282124
  ],
  "b_loss_total": [
    3.102982312440872,
    2.616491099357605,
    2.467206684589386,
    2.4241345400810244,
    2.3788986485004426,
    2.3429851701259614,
    2.3045393915176393,
    2.330131886482239,
    2.2919326817989347,
    2.2934769523143768,
    2.0388916187286377,
    1.9346279973983764,
    1.8484336001873016,
    1.8466852684020996,
    1.8309159848690033,
    1.8279693057537079,
    1.8279295246601104,
    1.7991598167419434,
    1.7789686431884766,
    1.7897669308185578,
    1.704804132461548,
    1.6444564650058746,
    1.6228890686035156,
    1.616621235370636,
    1.596246640920639,
    1.599379446029663,
    1.5972597465515137,
    1.5683154866695403,
    1.5736221811771394,
    1.5925002920627593,
    1.5809027075767517,
    1.4989688029289245,
    1.4835000190734864,
    1.4798167772293092,
    1.4751786425113678,
    1.4746916091442108,
    1.478420483827591,
    1.4786632544994354,
    1.4596402854919435,
    1.4571667158603667,
    1.487348537683487,
    1.3891533019542694,
    1.3971754257678985,
    1.3930332586765288,
    1.3849846580028533,
    1.3886188931465149,
    1.3878610067367554,
    1.3860374462604523,
    1.3823212797641755,
    1.3869352326393127
  ],