{
  "f_loss_total": [
    665.9578742370605,
    190.9969415588379,
    178.97463250732423,
    173.12054833984374,
    168.49341424560546,
    165.88615008544923,
    164.3374881439209,
    162.90601358032225,
    162.1951941833496,
    160.60547485351563,
    139.53624644470216,
    133.40254609680176,
    131.38184191894533,
    130.19182165527343,
    129.53020753479004,
    129.4783964691162,
    128.616820022583,
    129.26750230407714,
    128.8342614135742,
    128.5955184173584,
    113.10778268432617,
    110.22899185180664,
    109.1359912261963,
    109.20016424560546,
    109.47111293029785,
    108.52690591430664,
    109.23022912597656,
    108.29878343200684,
    108.59815879821777,
    108.53604696655273,
    92.93582614135742,
    91.63128605651856,
    92.23130953979492,
    91.80505366516114,
    91.0473750152588,
    91.99802290344238,
    91.43957214355468,
    90.9948991394043,
    91.64390660095215,
    90.94607092285156,
    73.84385803985596,
    73.94745468902588,
    74.34488717651367,
    73.57603280639648,
    73.67255126190186,
    73.5276745223999,
    73.08135723114013,
    73.54801142883301,
    72.66603778076171,
    73.90531776428223
  ],
  "f_loss_vae": [
    2.006837500333786,
    1.0857830440998077,
    1.0841059608459473,
    1.0835782842636108,
    1.08292338013649,
    1.081932384967804,
    1.081877653837204,
    1.0827056906223298,
    1.0821235127449036,
    1.0834749798774719,
    1.0811314091682434,
    1.0811054561138154,
    1.081456919670105,
    1.0814247756004334,
    1.081964019536972,
    1.0817083551883697,
    1.0819891662597656,
    1.081707684993744,
    1.0812153208255768,
    1.081215091228485,
    1.0815392990112305,
    1.0815325951576233,
    1.0823104002475739,
    1.0810302548408508,
    1.0820007529258728,
    1.0817146558761597,
    1.0809231050014496,
    1.083012048482895,
    1.081033465385437,
    1.0817389616966246,
    1.0819009020328523,
    1.0820650775432588,
    1.0812649178504943,
    1.081410557746887,
    1.0810621790885926,
    1.082600161075592,
    1.082145339488983,
    1.0815943751335144,
    1.0813594408035279,
    1.081816314458847,
    1.0814796543121339,
    1.0818888313770294,
    1.0814023625850677,
    1.081402658700943,
    1.0809075129032135,
    1.0820694451332091,
    1.081470295190811,
    1.0816344742774964,
    1.0812366697788238,
    1.0818842976093292
  ],
  "f_loss_dsb": [
    663.9510376281738,
    189.91115802001954,
    177.8905265197754,
    172.03697018432618,
    167.41049087524414,
    164.80421740722656,
    163.2556103210449,
    161.82330767822265,
    161.11307104492187,
    159.5219998779297,
    138.45511488342285,
    132.32144052124025,
    130.30038464355468,
    129.1103967437744,
    128.44824353027343,
    128.396688369751,
    127.53483074951171,
    128.1857945251465,
    127.75304594421387,
    127.51430345153808,
    112.02624333190919,
    109.14745922851563,
    108.05368089294434,
    108.11913426208496,
    108.38911225891113,
    107.44519134521484,
    108.14930592346191,
    107.215771484375,
    107.5171254272461,
    107.45430795288085,
    91.85392517089844,
    90.54922079467774,
    91.15004472351075,
    90.72364317321777,
    89.96631288146973,
    90.91542274475097,
    90.35742687988281,
    89.9133047027588,
    90.56254710388184,
    89.8642545928955,
    72.7623784790039,
    72.86556578063964,
    73.26348482513427,
    72.49463018035888,
    72.59164402008057,
    72.44560512542725,
    71.99988698577882,
    72.46637713623046,
    71.58480117034912,
    72.8234335784912
  ],
  "f_loss_vel_consistency": [
    530.1563537139892,
    51.780045333862304,
    38.88474635314942,
    32.58200894927978,
    28.7289043006897,
    26.15831496810913,
    24.20703931427002,
    22.757507610321046,
    21.506580383300783,
    20.78569596862793,
    18.896274267196656,
    11.598227199554444,
    9.854502695083617,
    8.803450867652893,
    8.143753525733947,
    7.601099066734314,
    7.210212761878967,
    6.9200223455429075,
    6.67610290813446,
    6.4590282144546505,
    7.681497427940369,
    4.984569885253906,
    4.346311314582825,
    3.982974046230316,
    3.7357856488227843,
    3.5485808477401735,
    3.410164844989777,
    3.297710364341736,
    3.2155460934638977,
    3.138486318588257,
    3.387529957771301,
    2.329748515367508,
    2.0823626022338866,
    1.9379230363368989,
    1.842466779232025,
    1.7743804585933685,
    1.7129933025836945,
    1.672563600063324,
    1.6479268758296965,
    1.6096696124076844,
    1.5202968986034393,
    1.1393838934898377,
    1.059930242061615,
    0.9990006904602051,
    0.9739313988685608,
    0.947975968837738,
    0.9299176506996155,
    0.9179144262075424,
    0.9038674764633179,
    0.8898543847799301
  ],
  "f_loss_bio": [
    0.0,
    0.0,
    0.0,
    0.0,
    0.0,
    0.0,
    0.0,
    0.0,
    0.0,
    0.0,
    0.0,
    0.0,
    0.0,
    0.0,
    0.0,
    0.0,
    0.0,
    0.0,
    0.0,
    0.0,
    0.0,
    0.0,
    0.0,
    0.0,
    0.0,
    0.0,
    0.0,
    0.0,
    0.0,
    0.0,
    0.0,
    0.0,
    0.0,
    0.0,
    0.0,
    0.0,
    0.0,
    0.0,
    0.0,
    0.0,
    0.0,
    0.0,
    0.0,
    0.0,
    0.0,
    0.0,
    0.0,
    0.0,
    0.0,
    0.0
  ],
  "b_loss_total": [
    3.5955055804252622,
    3.024494573831558,
    2.892461317539215,
    2.8830725247859954,
    2.7273333711624144,
    2.7374349384307863,
    2.707186747074127,
    2.6565740220546723,
    2.691166626930237,
    2.604401674032211,
    2.327216806411743,
    2.221097661972046,
    2.1888077857494355,
    2.175294552564621,
    2.1556989164352416,
    2.1779876518249512,
    2.1113743681907655,
    2.110772759437561,
    2.1076509094238283,
    2.1027784798145293,
    1.920085427045822,
    1.9002819228172303,
    1.8703044257164,
    1.8898050191402436,
    1.8628882465362548,
    1.8798369948863982,
    1.8604958307743074,
    1.8537988264560699,
    1.8515302634239197,
    1.8268603959083558,
    1.7925381484031677,
    1.7408846278190613,
    1.7502803778648377,
    1.7298675000667572,
    1.7335175518989563,
    1.7254482328891754,
    1.7165897953510285,
    1.6958064484596251,
    1.6968022108078002,
    1.721134908914566,
    1.6176857659816741,
    1.6403336329460143,
    1.6302514173984528,
    1.6422425019741058,
    1.6380459883213043,
    1.6220913195610047,
    1.6357256486415863,
    1.635427175283432,
    1.6252276225090028,
    1.6209013633728027
  ],
  "b_loss_vae": [
    1.0819958603382112,
    1.0821048183441162,
    1.0814640254974366,
    1.0822754387855529,
    1.0820926189422608,
    1.081807949781418,
    1.0824886031150818,
    1.0826113548278808,
    1.0822374284267426,
    1.0814328618049622,
    1.082026981830597,
    1.0810265357494355,
    1.0822478647232057,
    1.0811705105304719,
    1.0820913915634156,
    1.0815953822135926,
    1.0812314734458923,
    1.0817144184112548,
    1.081681360721588,
    1.0816513669490815,
    1.081497777223587,
    1.0816941871643067,
    1.081672833442688,
    1.0821550924777985,
    1.0816493809223175,
    1.0814500458240508,
    1.0812252271175384,
    1.0816974060535431,
    1.0810100238323213,
    1.0824747800827026,
    1.0823577938079834,
    1.081625875234604,
    1.0823153617382049,
    1.0806128425598145,
    1.0820419318675996,
    1.081463103532791,
    1.0814900469779969,
    1.0816983561515807,
    1.081687713623047,
    1.081700606584549,
    1.081257477760315,
    1.0818153631687164,
    1.0814538633823394,
    1.0817965154647826,
    1.0812645492553712,
    1.0817581253051758,
    1.0815677092075349,
    1.0816000430583954,
    1.0817110090255737,
    1.0824232935905456
  ],