{
  "f_loss_total": [
    358.0793995819092,
    103.80132540893554,
    94.95600407409668,
    90.68597148132324,
    88.0636403503418,
    86.52207627868653,
    85.062611618042,
    84.01038893127442,
    83.75396020507813,
    82.89023164367676,
    71.34593328094482,
    67.05823526763916,
    66.00897828674316,
    65.87594300842285,
    64.96357557678223,
    64.83775553894043,
    64.38463164520263,
    64.4712064590454,
    64.32128176879883,
    64.35501008605956,
    56.81943161010742,
    55.48136618041992,
    55.016676887512205,
    55.058322608947755,
    54.5668274307251,
    54.769382484436036,
    54.42349141693115,
    54.40635001373291,
    54.122518119812014,
    54.50423091125488,
    50.884269165039065,
    49.90707950592041,
    50.00628534698486,
    49.8938332824707,
    49.98224871063233,
    49.528972702026365,
    49.647521591186525,
    49.76549982452393,
    49.776391326904296,
    49.80749317932129,
    41.89663800048828,
    41.95777311706543,
    41.75698759460449,
    41.44387673187256,
    41.69639700317383,
    41.724573669433596,
    41.62831737518311,
    41.621778747558594,
    41.4062243270874,
    41.61087329101562
  ],
  "f_loss_vae": [
    2.0069271848201753,
    1.0857287049293518,
    1.0844435822963714,
    1.083150775194168,
    1.0821862280368806,
    1.081875093460083,
    1.0818714427947997,
    1.082135060787201,
    1.082186315536499,
    1.0817736330032348,
    1.0822988815307617,
    1.0818963899612426,
    1.0819343085289002,
    1.082007360458374,
    1.0809401922225952,
    1.0816998138427734,
    1.0817207517623901,
    1.082406320810318,
    1.08154297375679,
    1.0821447608470918,
    1.0818531715869903,
    1.0816074361801147,
    1.0814317829608917,
    1.0821690394878387,
    1.081240268468857,
    1.081956360578537,
    1.0814191164970397,
    1.0819728274345397,
    1.081603768825531,
    1.0815689611434935,
    1.0819587459564208,
    1.081298107624054,
    1.0819353988170624,
    1.0817485663890838,
    1.0820508320331574,
    1.081505317211151,
    1.081378687620163,
    1.0815769772529602,
    1.0817557156085968,
    1.0822264261245726,
    1.0816602711677552,
    1.08170357298851,
    1.0812296350002288,
    1.0810049450397492,
    1.0814915568828583,
    1.0818349027633667,
    1.0814389181137085,
    1.081142068862915,
    1.0823177745342254,
    1.0814079170227051
  ],
  "f_loss_dsb": [
    356.0724710388184,
    102.71559689331055,
    93.87156047058106,
    89.60282081604004,
    86.98145405578613,
    85.44020114135742,
    83.98074012756348,
    82.92825393676758,
    82.67177395629882,
    81.80845793151856,
    70.26363446044923,
    65.97633897399902,
    64.92704378509521,
    64.793935546875,
    63.88263528442383,
    63.756055656433105,
    63.302910926818846,
    63.388800086975095,
    63.239738800048826,
    63.272865379333496,
    55.7375784072876,
    54.39975877380371,
    53.93524504852295,
    53.976153549194336,
    53.48558703613281,
    53.687426162719724,
    53.34207228851319,
    53.32437713623047,
    53.04091431427002,
    53.42266201019287,
    49.80231039428711,
    48.82578131103516,
    48.92434994506836,
    48.81208479309082,
    48.90019789123535,
    48.447467399597166,
    48.56614282989502,
    48.68392281341553,
    48.69463549804688,
    48.72526677703858,
    40.8149776763916,
    40.87606954956055,
    40.67575791931152,
    40.36287166595459,
    40.614905364990236,
    40.64273875427246,
    40.54687845611572,
    40.54063668060303,
    40.32390657043457,
    40.52946530914306
  ],
  "f_loss_vel_consistency": [
    290.9423000869751,
    35.36759813308716,
    26.110099868774412,
    21.726992538452148,
    19.182948657989503,
    17.556593027114868,
    16.446860870361327,
    15.38633000946045,
    14.655913948059082,
    14.01909502029419,
    11.714131686210631,
    7.1797040100097655,
    6.08782710647583,
    5.473031030654907,
    5.059978477478027,
    4.764173539161682,
    4.5575224285125735,
    4.3396639728546145,
    4.213120183944702,
    4.1002306237220765,
    4.477155178546906,
    2.9533996272087095,
    2.566575967788696,
    2.348083252429962,
    2.210834714412689,
    2.103350502252579,
    2.019757518529892,
    1.9630023589134216,
    1.9088113934993745,
    1.8585531175136567,
    1.9056322674751283,
    1.311177931547165,
    1.1741921790838241,
    1.0970267493724823,
    1.0506890523433685,
    1.0106549466848374,
    0.9846654669046402,
    0.9557929922342301,
    0.9326707060337067,
    0.9258441951274872,
    0.822981439113617,
    0.6335555074810981,
    0.5912868099808692,
    0.560564346253872,
    0.5462593891620636,
    0.5399528173208237,
    0.5259432002902031,
    0.5145484927296639,
    0.5148504193425179,
    0.5036483840346336
  ],
  "f_loss_bio": [
    0.0,
    0.0,
    0.0,
    0.0,
    0.0,
    0.0,
    0.0,
    0.0,
    0.0,
    0.0,
    0.0,
    0.0,
    0.0,
    0.0,
    0.0,
    0.0,
    0.0,
    0.0,
    0.0,
    0.0,
    0.0,
    0.0,
    0.0,
    0.0,
    0.0,
    0.0,
    0.0,
    0.0,
    0.0,
    0.0,
    0.0,
    0.0,
    0.0,
    0.0,
    0.0,
    0.0,
    0.0,
    0.0,
    0.0,
    0.0,
    0.0,
    0.0,
    0.0,
    0.0,
    0.0,
    0.0,
    0.0,
    0.0,
    0.0,
    0.0
  ],
  "b_loss_total": [
    3.007980949640274,
    2.5562687299251556,
    2.4494813759326934,
    2.4117342612743378,
    2.36142542719841,
    2.335670466899872,
    2.350703795671463,
    2.304950779438019,
    2.283344436645508,
    2.274421468734741,
    2.073809537410736,
    1.966301476240158,
    1.9633540771007538,
    1.9520635530948638,
    1.955829496383667,
    1.9151276135444641,
    1.9024623999595642,
    1.919661598920822,
    1.9283783721923828,
    1.9149631996154786,
    1.7728959946632386,
    1.7332364623546601,
    1.703434380531311,
    1.7125971078872682,
    1.7094809341430663,
    1.7122415232658386,
    1.713475521326065,
    1.7089810709953308,
    1.7008236727714539,
    1.6954423439502717,
    1.6322502427101135,
    1.6314974274635314,
    1.6155665996074677,
    1.6187602925300597,
    1.6172595534324645,
    1.6075091440677642,
    1.6005519337654113,
    1.6084931120872497,
    1.6162080185413361,
    1.6109363696575165,
    1.5540630729198457,
    1.54804522895813,
    1.5490613405704499,
    1.5286979904174804,
    1.536344352722168,
    1.5561076073646545,
    1.5427644762992858,
    1.52780499625206,
    1.5452285399436951,
    1.5424362926483155
  ],
  "b_loss_vae": [
    1.0825240259170532,
    1.08232515335083,
    1.0815110647678374,
    1.081794363975525,
    1.0823075032234193,
    1.082323502779007,
    1.0818547644615173,
    1.0821470899581909,
    1.0818573498725892,
    1.0820868601799012,
    1.082345543384552,
    1.0817614946365357,
    1.0816855354309083,
    1.0826314995288848,
    1.081915433883667,
    1.0820582480430603,
    1.0820899598598481,
    1.081600179195404,
    1.0818445999622346,
    1.0820505492687225,
    1.0813078174591064,
    1.081919350385666,
    1.0821439208984376,
    1.0818631367683411,
    1.0816342000961303,
    1.081993173122406,
    1.0821835300922393,
    1.0821846697330475,
    1.081727061510086,
    1.0813756861686707,
    1.0814402170181274,
    1.0812104120254518,
    1.0811040570735932,
    1.0820769875049592,
    1.081886105775833,
    1.0818350536823274,
    1.0811127874851227,
    1.0817159492969513,
    1.0825870411396026,
    1.0812966992855073,
    1.0810513820648193,
    1.081537803888321,
    1.0817301828861237,
    1.0815516209602356,
    1.0818589813709258,
    1.0822011189460754,
    1.0815542058944703,
    1.0815552377700806,
    1.0810603892803192,
    1.0808530530929565
  ],